ƒ^ƒCƒv,ƒJƒ‰[,ƒTƒCƒY
aaa,•,640‚w120
aaa,”’,640‚w120
aaa,Ô,640‚w120
aaa,Â,640‚w120
aaa,‹à,640‚w120
aaa,‹â,640‚w120
aaa,‰©F,640‚w120
aaa,—Î,640‚w120
bbb,•,640‚w120
bbb,”’,640‚w120
bbb,Ô,640‚w120
bbb,Â,640‚w120
bbb,‹à,640‚w120
bbb,‹â,640‚w120
bbb,‰©F,640‚w120
bbb,—Î,640‚w120
ccc,•,640‚w120
ccc,”’,640‚w120
ccc,Ô,640‚w120
ccc,Â,640‚w120
ccc,‹à,640‚w120
ccc,‹â,640‚w120
ccc,‰©F,640‚w120
ccc,—Î,640‚w120
ddd,•,640‚w120
ddd,”’,640‚w120
ddd,Ô,640‚w120
ddd,Â,640‚w120
ddd,‹à,640‚w120
ddd,‹â,640‚w120
ddd,‰©F,640‚w120
ddd,—Î,640‚w120
eee,•,640‚w120
eee,”’,640‚w120
eee,Ô,640‚w120
eee,Â,640‚w120
eee,‹à,640‚w120
eee,‹â,640‚w120
eee,‰©F,640‚w120
eee,—Î,640‚w120
fff,•,640‚w120
fff,”’,640‚w120
fff,Ô,640‚w120
fff,Â,640‚w120
fff,‹à,640‚w120
fff,‹â,640‚w120
fff,‰©F,640‚w120
fff,—Î,640‚w120
ggg,•,640‚w120
ggg,”’,640‚w120
ggg,Ô,640‚w120
ggg,Â,640‚w120
ggg,‹à,640‚w120
ggg,‹â,640‚w120
ggg,‰©F,640‚w120
ggg,—Î,640‚w120
hhh,•,640‚w120
hhh,”’,640‚w120
hhh,Ô,640‚w120
hhh,Â,640‚w120
hhh,‹à,640‚w120
hhh,‹â,640‚w120
hhh,‰©F,640‚w120
hhh,—Î,640‚w120
aaa,•,640‚w240
aaa,”’,640‚w240
aaa,Ô,640‚w240
aaa,Â,640‚w240
aaa,‹à,640‚w240
aaa,‹â,640‚w240
aaa,‰©F,640‚w240
aaa,—Î,640‚w240
bbb,•,640‚w240
bbb,”’,640‚w240
bbb,Ô,640‚w240
bbb,Â,640‚w240
bbb,‹à,640‚w240
bbb,‹â,640‚w240
bbb,‰©F,640‚w240
bbb,—Î,640‚w240
ccc,•,640‚w240
ccc,”’,640‚w240
ccc,Ô,640‚w240
ccc,Â,640‚w240
ccc,‹à,640‚w240
ccc,‹â,640‚w240
ccc,‰©F,640‚w240
ccc,—Î,640‚w240
ddd,•,640‚w240
ddd,”’,640‚w240
ddd,Ô,640‚w240
ddd,Â,640‚w240
ddd,‹à,640‚w240
ddd,‹â,640‚w240
ddd,‰©F,640‚w240
ddd,—Î,640‚w240
eee,•,640‚w240
eee,”’,640‚w240
eee,Ô,640‚w240
eee,Â,640‚w240
eee,‹à,640‚w240
eee,‹â,640‚w240
eee,‰©F,640‚w240
eee,—Î,640‚w240
fff,•,640‚w240
fff,”’,640‚w240
fff,Ô,640‚w240
fff,Â,640‚w240
fff,‹à,640‚w240
fff,‹â,640‚w240
fff,‰©F,640‚w240
fff,—Î,640‚w240
ggg,•,640‚w240
ggg,”’,640‚w240
ggg,Ô,640‚w240
ggg,Â,640‚w240
ggg,‹à,640‚w240
ggg,‹â,640‚w240
ggg,‰©F,640‚w240
ggg,—Î,640‚w240
hhh,•,640‚w240
hhh,”’,640‚w240
hhh,Ô,640‚w240
hhh,Â,640‚w240
hhh,‹à,640‚w240
hhh,‹â,640‚w240
hhh,‰©F,640‚w240
hhh,—Î,640‚w240
